IsSender,StrContent,StrTime,keywords,emoji
0,我护理的同学来了,2021-06-03 16:44:29,"护理, 同学",
0,我们今晚不能一块儿吃了[Cry],2021-06-03 16:44:41,"今晚, 不能, 一块儿, 吃",[大哭]
0,[Hug],2021-06-03 16:48:17,,[拥抱]
0,你来食堂吃饭吗,2021-06-03 17:26:41,"食堂, 吃",
0,那我在食堂等你,2021-06-03 17:27:49,食堂,
1,你不是和你朋友吗,2021-06-03 17:28:14,朋友,
0,我们吃完了,2021-06-03 17:29:14,吃,
1,那你等我干嘛啊,2021-06-03 17:29:21,干嘛,
0,陪你一块儿啊,2021-06-03 17:30:51,"陪, 一块儿",
1,[捂脸],2021-06-03 17:30:58,,[捂脸]
1,我得走过去呢,2021-06-03 17:31:14,过去,
0,那我先回图书馆了,2021-06-03 17:32:17,"先回, 图书馆",
0,[Facepalm]今天都没怎么学习,2021-06-03 17:32:27,学习,[捂脸]
1,学习吧,2021-06-03 17:32:34,学习,
0,但是还是想见你,2021-06-03 17:33:05,想见你,
1,我现在可焦虑了,2021-06-03 17:33:36,焦虑,
1,看我朋友圈,2021-06-03 17:34:14,朋友圈,
1,你不是说你会图书馆了吗,2021-06-03 17:41:10,图书馆,
1,[捂脸],2021-06-03 17:41:16,,[捂脸]
0,现在确实回了,2021-06-03 17:41:51,"确实, 回",
1,我登一下你的网盘,2021-06-03 19:54:26,"登, 网盘",
1,重装系统之后果然电脑快了很多,2021-06-03 19:55:40,"重装系统, 电脑, 快",
1,这个就算了,2021-06-03 20:36:08,就算,
1,我想找一点水的,2021-06-03 20:36:25,"找, 水",
0,[Facepalm]这个感觉挺有意思的,2021-06-03 20:36:38,有意思,[捂脸]
0,还给8h,2021-06-03 20:36:42,"还给, 8h",
1,总共要7h,2021-06-03 20:36:55,"总共, 7h",
1,他才给8h,2021-06-03 20:36:59,8h,
1,[旺柴],2021-06-03 20:37:08,,[旺柴]
0,应该用不了那么长时间,2021-06-03 20:37:12,"不了, 长时间",
1,反正这个我不去,2021-06-03 20:37:19,反正,
0,我们金马很早就结束了,2021-06-03 20:37:22,"金马, 早就, 结束",
1,不过还是谢谢你,2021-06-03 20:37:27,谢谢,
1,我捐出去了,2021-06-03 20:38:40,"捐, 出去",
1,看错了,2021-06-03 20:39:05,看错,
1,我以为那个人要近代史纲要呢,2021-06-03 20:39:12,"人要, 近代史, 纲要",
0,说你们区,2021-06-03 20:40:04,区,
1,说我们区什么,2021-06-03 20:40:14,区,
0,想考你们区,2021-06-03 20:40:24,"想考, 区",
1,这个群,2021-06-03 20:41:09,群,
1,他要考公啊,2021-06-03 20:41:58,考公,
0,[Facepalm],2021-06-03 20:42:20,,[捂脸]
1,希望是个好官,2021-06-03 20:45:13,"希望, 官",
1,不过我们区是江北新区,2021-06-03 20:45:23,"区, 江北, 新区",
0,[Facepalm][Facepalm][Facepalm],2021-06-03 20:45:31,,"[捂脸], [捂脸], [捂脸]"
1,哈哈哈,2021-06-03 20:45:36,哈哈哈,
0,天天在群里说话,2021-06-03 20:45:57,"群里, 说话",
0,也没人鸟他,2021-06-03 20:46:04,"没人, 鸟",
1,[破涕为笑],2021-06-03 20:47:13,,[破涕为笑]
1,祝他好运,2021-06-03 20:47:16,"祝, 好运",
0,还有这个人 这不瞎说呢嘛,2021-06-03 20:47:42,瞎说,
1,思修我还真不知道,2021-06-03 20:47:53,"思修, 真不知道",
0,思修比近代史还简单,2021-06-03 20:48:13,"思修, 近代史, 简单",
1,[捂脸],2021-06-03 20:50:20,,[捂脸]
0,听歌吗,2021-06-03 20:52:54,听歌,
1,我先装个网易云,2021-06-03 20:54:08,"先装个, 网易, 云",
0,手机不可吗,2021-06-03 20:54:53,"手机, 不可",
0,[Facepalm],2021-06-03 20:54:56,,[捂脸]
1,[捂脸],2021-06-03 21:02:23,,[捂脸]
0,为啥推啊,2021-06-03 21:03:10,"为啥, 推",
1,他自己退的,2021-06-03 21:05:05,退,
1,我再登一次,2021-06-03 21:10:05,登,
1,网盘,2021-06-03 21:10:07,网盘,
0,这个适合你,2021-06-03 21:32:38,适合,
0,哈哈哈哈近代史视频,2021-06-03 21:32:46,"哈哈哈哈, 近代史, 视频",
1,笑死了,2021-06-03 21:33:25,笑死,
1,谢谢 ,2021-06-03 21:38:18,谢谢,
1,报了,2021-06-03 21:38:19,报,
0,第一排笑的我人没了,2021-06-03 21:38:25,"第一排, 笑",
0,你还跟我客气啊,2021-06-03 21:38:44,客气,
0,近代史可放你们视频的时候,2021-06-03 21:38:57,"近代史, 视频",
1,你是不是该回去了,2021-06-03 21:53:25,"是不是, 回去",
1,你今天穿外套了吗,2021-06-03 22:34:00,"穿, 外套",
0,没穿,2021-06-03 22:34:06,穿,
1,那你冷吗,2021-06-03 22:34:27,冷,
0,有点冷,2021-06-03 22:34:41,冷,
1,明天记得穿一件,2021-06-03 22:34:57,"记得, 穿, 一件",
1,我不在天津的时候 你要照顾好你自己,2021-06-03 22:35:45,"天津, 照顾",
0,[Hug],2021-06-03 22:41:26,,[拥抱]
0,已经快进到天津了,2021-06-03 22:41:36,"快进, 天津",
0,现在我在你身边呢,2021-06-03 22:42:22,身边,
1,明天你送忱柠上个学,2021-06-03 22:44:30,"送, 忱柠, 上个学",
0,[Facepalm],2021-06-03 22:45:38,,[捂脸]
1,今晚一起吃饭嘛,2021-06-04 16:36:25,"今晚, 一起, 吃",
0,我在西埔,2021-06-04 16:51:56,西埔,
0,浦,2021-06-04 16:52:03,浦,
0,[Facepalm],2021-06-04 16:52:15,,[捂脸]
1,你在那儿干嘛呀,2021-06-04 16:52:21,干嘛,
0,我去拍证件照了,2021-06-04 16:52:31,"拍, 证件照",
1,你去西浦拍？,2021-06-04 16:52:56,"西浦, 拍",
0,就是里面有一个拍证件照的店,2021-06-04 16:53:18,"拍, 证件照, 店",
0,[Lol][Lol],2021-06-04 16:53:24,,"[破涕为笑], [破涕为笑]"
1,你是不是不满意上次的啊,2021-06-04 16:53:30,"是不是, 满意",
0,把那个放我简历上 太不好了,2021-06-04 16:54:00,"简历, 不好",
0,你要是有空的话我们一起去文星吃饭,2021-06-04 16:54:38,"有空, 一起, 文星, 吃",
1,那我得骑车去,2021-06-04 16:54:58,骑车去,
0,我也骑车了,2021-06-04 16:55:11,骑车,
1,我几点去合适啊,2021-06-04 16:55:18,合适,
0,我拍好了,2021-06-04 16:55:35,拍,
0,等她修还要一个小时,2021-06-04 16:55:46,修,
0,我们刚好吃了饭回来取,2021-06-04 16:55:55,"吃了饭, 回来, 取",
0,你来西埔的操场旁边,2021-06-04 16:56:13,"西埔, 操场, 旁边",
1,你直接去文星吧？,2021-06-04 16:56:36,文星,
0,5点15文星广场那儿？,2021-06-04 16:57:42,"文星, 广场",
1,差不多吧,2021-06-04 16:58:29,差不多,
1,我们学校也有拍证件照的地方啊,2021-06-04 16:58:47,"学校, 拍, 证件照",
0,没注意,2021-06-04 16:58:57,注意,
1,我到了[Lol],2021-06-04 17:09:49,,[破涕为笑]
0,[Facepalm],2021-06-04 17:10:24,,[捂脸]
0,你想吃什么,2021-06-04 17:10:57,吃,
1,你不是在骑车吗,2021-06-04 17:11:06,骑车,
0,快了,2021-06-04 17:11:38,快,
0,看比赛,2021-06-04 19:23:57,比赛,
1,抢的太快了,2021-06-04 19:24:35,"抢, 太快",
1,这么水,2021-06-04 19:24:39,水,
0,你直接发就有了,2021-06-04 19:25:17,发就,
0,[Hurt][Hurt],2021-06-04 19:25:20,,"[苦涩], [苦涩]"
1,他一共就要15个,2021-06-04 19:26:43,一共,
1,早没了,2021-06-04 19:26:49,早,
1,[捂脸],2021-06-04 19:26:54,,[捂脸]
0,我那会儿发都轮到我了,2021-06-04 19:27:04,"发都, 轮到",
1,希望能轮到吧,2021-06-04 19:38:34,"希望, 轮到",
1,问题是啥啊,2021-06-04 21:27:12,问题,
0,怎么转换,2021-06-04 21:29:47,转换,
1,你这问题也太宽泛了,2021-06-04 21:29:59,"问题, 宽泛",
1,线上很难解释清楚,2021-06-04 21:30:09,"线上, 难, 解释, 清楚",
0,我不写出来了吗,2021-06-04 21:30:11,出来,
0,第二行,2021-06-04 21:30:31,第二行,
1,他是个扇形吧,2021-06-04 21:30:45,扇形,
0,那个具体问题,2021-06-04 21:30:48,"具体, 问题",
1,欸不对,2021-06-04 21:31:20,欸,
1,你自己不是做出来了吗,2021-06-04 21:32:37,出来,
1,在右边,2021-06-04 21:32:39,右边,
0,那是答案,2021-06-04 21:32:47,答案,
1,先把r=secθ图像画出来,2021-06-04 21:33:16,"sec, 图像, 画, 出来",
1,在直角坐标里就是x=1这条线,2021-06-04 21:34:21,"直角坐标, 这条线",
1,然后θ从0到π/4扫过的区域就是那个区域,2021-06-04 21:35:27,"扫过, 区域, 区域",
0,可是直角坐标的图形和极坐标一样吗,2021-06-04 21:40:23,"直角坐标, 图形, 极坐标",
1,方程形式不一样而已,2021-06-04 21:40:41,"方程, 形式",
1,我发现现在网盘不能自动登陆了,2021-06-05 09:39:43,"发现, 网盘, 不能, 自动, 登陆",
1,[捂脸],2021-06-05 09:39:47,,[捂脸]
0,用密码登,2021-06-05 09:41:45,"密码, 登",
1,我不知道你密码啊,2021-06-05 09:42:03,密码,
0,我告诉过你,2021-06-05 09:42:15,告诉,
0,lemon0625,2021-06-05 09:42:21,lemon0625,
1,我就记得0625了,2021-06-05 09:42:32,记得,
1,[Facepalm],2021-06-05 09:42:34,,[捂脸]
0,先用密码登勾选自动登录 记住密码 再输手机验证码 应该近期之内不用再登了,2021-06-05 09:45:58,"密码, 登勾选, 自动, 登录, 记住, 密码, 再输, 手机, 验证码, 近期, 之内, 不用, 登",
1,怎么验证码登录没有自动登录,2021-06-05 09:46:18,"验证码, 登录, 自动, 登录",
1,[捂脸],2021-06-05 09:46:22,,[捂脸]
0,验证码就是实时的啊,2021-06-05 09:46:34,"验证码, 实时",
1,大意了,2021-06-05 09:46:45,大意,
0,[Facepalm]这就是它的意义,2021-06-05 09:46:47,意义,[捂脸]
1,现在去吃饭吗,2021-06-05 11:12:38,吃,
0,1你饿吗,2021-06-05 11:17:02,饿,
1,还好‘,2021-06-05 11:17:20,还好,
0,那11点40图书馆门口？,2021-06-05 11:18:08,"图书馆, 门口",
0,[Heart][Heart],2021-06-05 14:17:58,,"[爱心], [爱心]"
0,好累啊,2021-06-05 15:53:06,好累,
0,[Hurt],2021-06-05 15:53:11,,[苦涩]
1,搬完了？,2021-06-05 15:54:08,搬,
0,估计还要1个多小时,2021-06-05 15:54:23,估计,
0,我们要搬 2 楼 3楼 4楼,2021-06-05 15:54:43,"搬, 楼, 楼, 楼",
0,[Cry],2021-06-05 15:54:55,,[大哭]
1,老师不得让男生搬？,2021-06-05 15:56:10,"老师, 不得, 男生, 搬",
0,都搬啊,2021-06-05 15:56:24,搬,
0,我们来了3个女生  4个男生,2021-06-05 15:56:41,"女生, 男生",
0,[Facepalm],2021-06-05 15:56:43,,[捂脸]
0,还有两个师姐,2021-06-05 15:57:16,师姐,
0,两个老师,2021-06-05 15:57:21,老师,
1,加油 你可以的,2021-06-05 15:59:07,加油,
1,让男生多干点,2021-06-05 15:59:23,"男生, 多干点",
0,终于结束了,2021-06-05 17:42:42,"终于, 结束",
1,比我们搬的多多了,2021-06-05 18:37:11,"搬, 多多",
1,你们人太少了,2021-06-05 18:37:20,人太少,
0,男生还没走,2021-06-05 18:37:23,男生,
0,还要负责把我们打包出来的所有东西搬到负一楼,2021-06-05 18:37:45,"负责, 打包, 出来, 所有, 搬到, 负, 一楼",
1,那地方还没电梯,2021-06-05 18:37:58,电梯,
1,[Facepalm],2021-06-05 18:38:00,,[捂脸]
0,说不清,2021-06-05 18:39:05,说不清,
0,我好累好累,2021-06-05 18:39:21,"累, 累",
0,脚都麻木了,2021-06-05 18:39:28,"脚, 麻木",
1,好好休息,2021-06-05 19:00:44,"好好, 休息",
0,我还要做材料化学的ppt 复习有机,2021-06-05 19:01:04,"材料, 化学, PPT, 复习, 有机",
0,明天还要去看合唱,2021-06-05 19:01:13,合唱,
0,[Hurt][Hurt],2021-06-05 19:01:17,,"[苦涩], [苦涩]"
1,一件一件来,2021-06-05 19:03:01,"一件, 一件",
0,明天上午一起看合唱吗,2021-06-05 21:53:55,"一起, 合唱",
1,不看[Facepalm],2021-06-05 21:55:43,不看,[捂脸]
0,难受,2021-06-05 21:56:40,难受,
0,我是因为你说了去才报的,2021-06-05 21:57:14,"是因为, 报",
1,[Facepalm][Facepalm],2021-06-05 21:57:33,,"[捂脸], [捂脸]"
1,我不是真的想去看,2021-06-05 21:58:23,真的,
1,我是为了志愿时间,2021-06-05 21:58:29,"志愿, 时间",
0,我也不想去看,2021-06-05 21:58:57,不想,
0,我事情太多了,2021-06-05 21:59:00,"事情, 太多",
1,可以鸽了吗,2021-06-05 22:00:02,鸽,
1,你就说你不想去了,2021-06-05 22:00:25,不想,
1,然后把名额让给下一个人,2021-06-05 22:00:36,"名额, 让给",
0,会被拉黑名单得,2021-06-05 22:00:50,"拉, 黑名单",
1,想拿这个时长的人多了去了,2021-06-05 22:00:55,时长,
0,也就一上午,2021-06-05 22:01:35,一上午,
0,[Facepalm]看完我们刚好一起吃饭,2021-06-05 22:01:58,"一起, 吃",[捂脸]
0,应该到不了12店,2021-06-05 22:02:13,"不了, 店",
1,那要门票吗,2021-06-05 22:12:16,"那要, 门票",
0,明天8点10分到,2021-06-05 22:20:58,分到,
0,应该不用吧 没人去才搞志愿[Facepalm],2021-06-05 22:21:16,"不用, 没人, 搞, 志愿",[捂脸]
1,以后不用给我推志愿了,2021-06-05 22:55:23,"不用, 推, 志愿",
1,我够了,2021-06-05 22:55:32,我够,
1,肯定超54了,2021-06-05 22:55:48,"肯定, 超",
1,算上这次朗诵的有54.5h,2021-06-05 22:57:01,"算上, 朗诵",
1,睡觉了,2021-06-05 23:44:37,睡,
1,晚安,2021-06-05 23:44:39,晚安,
0,晚安,2021-06-06 00:03:28,晚安,
0,[Facepalm],2021-06-06 08:08:53,,[捂脸]
0,早,2021-06-06 08:09:07,早,
0,快咯,2021-06-06 08:09:19,快,
0,在旁边这个树荫,2021-06-06 08:12:18,"旁边, 树荫",
1,你不会不高兴吧,2021-06-06 08:30:07,高兴,
1,我昨天晚上本来就不想去[Facepalm],2021-06-06 08:31:28,"昨天晚上, 不想",[捂脸]
1,我还得交美赛论文,2021-06-06 08:32:23,"交美赛, 论文",
1,今天早晨刚收到邮件,2021-06-06 08:32:32,"早晨, 收到, 邮件",
0,你们今天晚上去哪里吃饭,2021-06-06 08:32:46,吃,
1,二期,2021-06-06 08:32:52,二期,
0,[Facepalm],2021-06-06 08:33:00,,[捂脸]
1,食堂,2021-06-06 08:33:02,食堂,
1,因为我要回去收被子,2021-06-06 08:33:26,"回去, 收, 被子",
0,那你们吃什么,2021-06-06 08:33:44,吃,
1,吃饭呗,2021-06-06 08:33:56,吃,
1,我也不知道吃啥,2021-06-06 08:34:09,吃,
1,看她想吃什么,2021-06-06 08:34:18,吃,
0,你们比赛不是提交论文啊？,2021-06-06 08:37:28,"比赛, 提交, 论文",
1,但是我们拿O奖了,2021-06-06 08:37:45,奖,
1,要把摘要正文图表之类的东西重新整理发给赛方,2021-06-06 08:38:13,"摘要, 正文, 图表, 重新整理, 发给, 赛方",
0,[Smirk],2021-06-06 08:43:33,,[奸笑]
1,[捂脸],2021-06-06 08:46:21,,[捂脸]
0,我们中午一起吃饭吧把,2021-06-06 08:52:23,"一起, 吃",
1,你昨天是不是没拿快递啊,2021-06-06 09:41:33,"是不是, 快递",
0,忘了[Facepalm],2021-06-06 09:41:46,忘,[捂脸]
0,忙忘了,2021-06-06 09:42:03,"忙, 忘",
1,haoba,2021-06-06 09:44:51,haoba,
0,去吃饭,2021-06-06 11:35:45,吃,
0,我在图书馆靠近303那个路口等你,2021-06-06 11:38:15,"图书馆, 靠近, 路口",
1,这妆化的,2021-06-06 12:32:34,这妆化,
0,哈哈哈,2021-06-06 12:32:47,哈哈哈,
1,这个眼妆也太离谱了,2021-06-06 12:33:18,"眼妆, 离谱",
0,尽显妖娆,2021-06-06 12:33:29,"尽显, 妖娆",
1,我们家今天中午端午聚餐,2021-06-06 12:38:13,"家, 端午, 聚餐",
1,然后聊到我有没有对象了[Facepalm],2021-06-06 12:38:26,"聊到, 有没有, 对象",[捂脸]
0,[Smirk],2021-06-06 12:38:33,,[奸笑]
1,我告诉我姐了,2021-06-06 12:38:43,"告诉, 我姐",
0,你姐有没有说啊,2021-06-06 12:39:46,"你姐, 有没有",
1,刚刚诈我呢,2021-06-06 12:40:03,诈,
0,₍ᐢ⸝⸝›  ̫ ‹⸝⸝ᐢ₎哈哈哈,2021-06-06 12:40:25,哈哈哈,
1,然后我姐夫也来诈我,2021-06-06 12:41:01,"姐夫, 诈",
0,[Facepalm],2021-06-06 12:41:47,,[捂脸]
0,我们生活在一个八卦的世界,2021-06-06 12:42:03,"生活, 八卦, 世界",
0,哈哈哈哈,2021-06-06 12:44:29,哈哈哈哈,
1,又没拿快递,2021-06-06 13:18:34,快递,
0,[Facepalm][Facepalm],2021-06-06 13:44:19,,"[捂脸], [捂脸]"
0,我晚上帮你拿,2021-06-06 13:44:32,帮,
1,我待会自己去拿吧,2021-06-06 13:45:11,我待会,
0,哈哈哈哈哈,2021-06-06 21:20:12,哈哈哈,
0,都是套路,2021-06-06 21:20:20,套路,
0,夺笋呐,2021-06-06 21:20:32,"夺笋, 呐",
0,学了一下午有机 要自闭了,2021-06-06 21:24:05,"学, 有机, 自闭",
0,现在我躺平了,2021-06-06 21:24:13,躺平,
0,[Broken],2021-06-06 21:24:21,,[裂开]
0,12.05 606路口,2021-06-07 11:13:28,路口,
0,等你来我们就去吃饭,2021-06-07 16:02:41,吃,
1,五点吧,2021-06-07 16:05:14,五点,
0,拿个充电宝[Broken],2021-06-07 16:13:20,"拿个, 充电, 宝",[裂开]
1,就让你找个能充电的地方[捂脸],2021-06-07 16:13:42,"就让, 找, 充电",[捂脸]
0,充不了[Broken],2021-06-07 16:14:46,"充, 不了",[裂开]
1,为啥啊,2021-06-07 16:14:57,为啥,
0,插头是活动的,2021-06-07 16:15:09,"插头, 活动",
0,跟301那边的差不多,2021-06-07 16:15:18,差不多,
1,我今天中午就让你找个能充电的地方,2021-06-07 16:16:09,"就让, 找, 充电",
0,找不到啊[Emm],2021-06-07 16:16:19,"找, 不到",[Emm]
0,我爱你,2021-06-07 21:18:40,我爱你,
0,厉害了,2021-06-08 14:35:46,厉害,
1,师兄说,2021-06-08 16:45:17,师兄,
1,基本待业,2021-06-08 16:45:19,"基本, 待业",
0,难找工作吗,2021-06-08 16:45:50,"难, 找, 工作",
1,我们一起吃饭吧,2021-06-08 16:48:19,"一起, 吃",
0,那我606路口等你,2021-06-08 16:48:54,路口,
0,再过10min?,2021-06-08 16:49:09,"再过, 10min",
1,五点见呗,2021-06-08 16:50:08,"五点, 见",
1,我们组的,2021-06-08 16:52:54,组,
1,毕业去向,2021-06-08 16:53:01,"毕业, 去向",
0,今晚锻炼吗,2021-06-08 18:03:10,"今晚, 锻炼",
1,周四晚锻炼吧,2021-06-08 18:14:57,"周四, 晚, 锻炼",
1,今晚我把有机合成论文写完,2021-06-08 18:15:06,"今晚, 有机合成, 论文",
1,[GoForIt],2021-06-08 18:15:09,,[加油]
0,周四算了[Facepalm],2021-06-08 18:18:43,"周四, 算了",[捂脸]
0,估计跟我说完你就2G了,2021-06-08 19:54:51,"估计, 说完, 2G",
1,什么2G了,2021-06-08 20:11:35,2G,
0,你没有断网吗,2021-06-08 20:11:51,断网,
1,我刚睡着了,2021-06-08 20:13:50,"我刚, 睡着",
1,确实要断网了,2021-06-08 20:14:09,"确实, 要断, 网",
0,你白天没有写论文吗,2021-06-08 20:14:25,"白天, 论文",
0,每次我一叫你你就要写论文了,2021-06-08 20:14:36,"每次, 论文",
1,[Facepalm],2021-06-08 20:15:14,,[捂脸]
1,就两次啊,2021-06-08 20:22:43,两次,
0,最近两次都是,2021-06-08 20:22:57,两次,
0,周四我也没时间,2021-06-08 20:23:07,"周四, 时间",
1,你看 那我还可以说我想找你的时候你也没时间呢,2021-06-08 20:23:33,"找, 时间",
0,你的课比我少很多,2021-06-08 20:24:12,课,
1,课少并不代表事少啊,2021-06-08 20:24:32,"课少, 代表, 事少",
0,你今天昨天两个整天都没有课,2021-06-08 20:24:38,"整天, 课",
0,而我上了两个整天的课,2021-06-08 20:24:48,"整天, 课",
0,懂得自然懂 明白的自然明白 又何必多说 让彼此都不高兴,2021-06-08 20:25:38,"懂得, 自然, 懂, 明白, 自然, 明白, 何必, 高兴",
0,你手头有化工原理实验的书吗,2021-06-08 20:27:57,"手头, 化工, 原理, 实验, 书",
0,你扫一个流体流动阻力那个实验的二维码,2021-06-08 20:28:37,"扫, 流体, 流动, 阻力, 实验, 二维码",
0,还有离心泵特性曲线的二维码,2021-06-08 20:28:58,"离心泵, 特性, 曲线, 二维码",
0,然后把怎么处理数据的截图发给我,2021-06-08 20:29:12,"处理, 数据, 截图, 发给",
1,我2G了,2021-06-08 20:30:31,2G,
0,你随便,2021-06-08 20:30:52,随便,
0,反正我是不会找你说话的,2021-06-08 20:31:02,"反正, 找, 说话",
0,以后我们也别出来了,2021-06-08 20:32:08,出来,
0,你忙你的 我忙我的 不必,2021-06-08 20:32:36,"忙, 忙, 不必",
1,[苦涩],2021-06-08 20:36:34,,[苦涩]
1,要不分开一段时间吧,2021-06-08 20:43:19,"分开, 一段时间",
1,冷静冷静,2021-06-08 20:43:25,"冷静, 冷静",
1,我们寻找一下更好的相处方式,2021-06-08 20:43:32,"寻找, 更好, 相处, 方式",
1,刚好也快到期末了 大家都比较忙碌,2021-06-08 20:44:11,"快, 期末, 大家, 比较, 忙碌",
0,你逼我分手啊？,2021-06-08 20:44:57,"逼, 分手",
1,你之前那个意思,2021-06-08 20:45:16,意思,
0,我说的是晚上别出来了,2021-06-08 20:45:47,出来,
1,写作业吧,2021-06-08 20:46:46,作业,
0,你滚啊,2021-06-08 20:48:00,滚,
0,你就是随随便便就分手？,2021-06-08 20:49:56,"随随便便, 分手",
1,我有说分手吗,2021-06-08 20:50:07,分手,
0,分开一段时间不是分手吗,2021-06-08 20:50:19,"分开, 一段时间, 分手",
0,精致的利己主义者,2021-06-08 20:50:34,"精致, 利己主义",
0,什么寻找更好的相处方式 你不就是逼我妥协？ 如果我不妥协，就分手呗？,2021-06-08 20:51:28,"寻找, 更好, 相处, 方式, 逼, 妥协, 妥协, 分手",
0,确实快期末了 大家都比较忙碌 所以我就成为了你的负担是嘛,2021-06-08 20:52:08,"确实, 快, 期末, 大家, 比较, 忙碌, 成为, 负担",
1,我有逼你妥协吗？明明是我也有问题，大家都可以做出让步,2021-06-08 20:52:47,"逼, 妥协, 明明, 问题, 大家, 做出, 让步",
0,昨天晚上没如你意 今天你又有事,2021-06-08 20:53:01,"昨天晚上, 没如, 意, 有事",
0,冠冕堂皇,2021-06-08 20:53:13,冠冕堂皇,
0,从我们在一起到现在 我们一起自习过几次？ 两次？ 很多吗？,2021-06-08 20:53:48,"一起, 一起, 自习, 两次",
0,我们平均每周出去几次 不到1次吧,2021-06-08 20:54:22,"平均, 每周, 出去, 不到",
1,[微笑],2021-06-08 20:54:25,,[微笑]
0,你不是逼我妥协吗？难道你会因为我做出改变吗 你难道不是想好了什么计划 除非特别要紧的事 都不会改变吗,2021-06-08 20:57:56,"逼, 妥协, 难道, 做出, 改变, 难道, 计划, 要紧, 改变",
1,你爱怎么想就怎么想吧，我觉得我以前解释得够多了。我就是精致的利己主义者，我就是情商低，我就是直男，我就是渣男。,2021-06-08 20:58:54,"爱, 解释, 得够, 精致, 利己主义, 情商, 低, 直, 男, 渣, 男",
0,[Smile],2021-06-08 21:00:06,,[微笑]
1,气死我了,2021-06-08 21:00:34,气死我了,
1,几句话没说 先给人扣个帽子,2021-06-08 21:01:15,"几句话, 没说, 先给, 扣个, 帽子",
1,这就是你交流的方式吗,2021-06-08 21:01:20,"交流, 方式",
0,啥都不说 拒绝交流 直接分开 这就是你的交流方式吗,2021-06-08 21:02:24,"拒绝, 交流, 分开, 交流, 方式",
0,我都不敢呆在自习室,2021-06-08 21:03:05,"不敢, 呆, 自习室",
1,我一遍又一遍地解释，你还要我怎么解释,2021-06-08 21:03:25,"一遍, 一遍, 解释, 解释",
1,上次才解释完，这次又不高兴,2021-06-08 21:03:39,"解释, 高兴",
0,我不想别人看到我哭,2021-06-08 21:04:41,"不想, 别人, 哭",
1,我都快哭了,2021-06-08 21:05:11,"快, 哭",
0,但出来还是让人看到了,2021-06-08 21:05:46,出来,
1,着急的要哭了,2021-06-08 21:05:48,"着急, 哭",
0,我即使再难过从来都没有想过分手，你随随便便就可以提分开,2021-06-08 21:09:38,"难过, 从来, 想过, 分手, 随随便便, 提, 分开",
1,你总是揣测我的心思：“你不就是这样吗？你难道不是吗？”虽然你有一些说对了，更多的是把我刻画成一个你脑海中的“精致的利己主义者”，与之相比你就显得很大方不计较得失。你把我摆在这样一个位置，让我怎么跟你交流？,2021-06-08 21:10:01,"总是, 揣测, 心思, 难道, 刻画, 脑海中, 精致, 利己主义, 相比, 显得, 很大, 方不, 计较, 得失, 摆在, 交流",
0,是你先拒绝交流 提分手 我才把你摆在你说的位置,2021-06-08 21:11:26,"拒绝, 交流, 提, 分手, 摆在",
1,并不是要真正的分开，我只是觉得我们需要冷静,2021-06-08 21:11:29,"真正, 分开, 需要, 冷静",
0,你不要本末倒置,2021-06-08 21:11:39,"不要, 本末倒置",
1,你说这话 是开启一段交流的方式吗,2021-06-08 21:12:37,"这话, 开启, 一段, 交流, 方式",
0,你不是要写论文吗,2021-06-08 21:12:49,论文,
0,我不找你说话 有毛病？,2021-06-08 21:13:02,"找, 说话, 毛病",
0,你直接说你2G了 ,2021-06-08 21:13:27,2G,
1,但凡有点情感的人，也会硌得慌吧,2021-06-08 21:13:38,"但凡, 情感, 硌得慌",
1,论文能写的下去吗,2021-06-08 21:13:46,"论文, 下去",
0,不是你先让我硌得慌的吗,2021-06-08 21:13:58,硌得慌,
1,就互相伤害呗,2021-06-08 21:14:49,"互相, 伤害",
1,那我们从头说起,2021-06-08 21:14:53,从头说起,
1,我最近两天确实是都没课,2021-06-08 21:15:20,"确实, 没课",
0,我们见面讲,2021-06-08 21:15:23,见面,
1,现在见面吗,2021-06-08 21:16:18,见面,
0,那再等到明天吗,2021-06-08 21:16:38,等到,
1,在哪见,2021-06-08 21:16:48,哪见,
0,606路口,2021-06-08 21:17:19,路口,
1,明天下午又没了[Facepalm],2021-06-08 22:57:33,,[捂脸]
1,要补化工原理实验,2021-06-08 22:57:42,"补, 化工, 原理, 实验",
0,[Facepalm],2021-06-08 23:01:38,,[捂脸]
1,不过我线代预计还有三个月就看完了 进度加快了[Lol],2021-06-08 23:08:57,"我线代, 预计, 进度, 加快",[破涕为笑]
0,[Facepalm][Facepalm][Facepalm],2021-06-08 23:33:18,,"[捂脸], [捂脸], [捂脸]"
1,我以后邀请你干嘛，你如果觉得不想做，就不要做，没有必要用喜欢或者爱绑架自己,2021-06-08 23:34:57,"邀请, 干嘛, 不想, 不要, 必要, 喜欢, 爱, 绑架",
1,我会理解你的,2021-06-08 23:35:16,"我会, 理解",
0,我说那个不是这个意思,2021-06-08 23:35:40,意思,
1,因为这样的话我也好受一点[Facepalm],2021-06-08 23:36:51,"这样的话, 受",[捂脸]
0,我没有绑架自己,2021-06-08 23:38:25,绑架,
0,我觉得只要是可以协调来的 我都很乐意啊 从内心来讲我没有什么不乐意的,2021-06-08 23:39:00,"协调, 乐意, 内心, 来讲, 不乐意",
0,我对我的朋友也是这样,2021-06-08 23:39:36,朋友,
0,不仅仅是你,2021-06-08 23:39:43,不仅仅,
1,但是有些东西是协调不来的,2021-06-08 23:39:51,"协调, 不来",
1,因为ddl是固定的,2021-06-08 23:40:02,"ddl, 固定",
1,跟你是弹性的,2021-06-08 23:40:29,弹性,
0,可能这就是认知差异,2021-06-08 23:41:52,"认知, 差异",
1,所以我有时候只能协调我跟你，而不能协调我跟任务,2021-06-08 23:42:00,"有时候, 协调, 不能, 协调, 任务",
1,我是想着我们还有一辈子呢,2021-06-08 23:42:25,"想着, 一辈子",
1,[Facepalm],2021-06-08 23:42:26,,[捂脸]
1,但我怕你的爱意一点一点被我消磨殆尽了,2021-06-08 23:45:58,"怕, 爱意, 一点一点, 消磨, 殆尽",
1,这下真2G了,2021-06-09 00:17:52,"这下, 2G",
0,当然是真的啊,2021-06-09 00:26:40,"当然, 真的",
1,懂得自然懂 明白的自然明白 又何必多说,2021-06-09 00:27:01,"懂得, 自然, 懂, 明白, 自然, 明白, 何必",
0,我不会很坚定地选择一个人 但我选择了一个人就会很坚定,2021-06-09 00:27:10,"坚定, 选择, 选择, 坚定",
0,我就是觉得你没有协调时间 有点生气,2021-06-09 00:27:41,"协调, 时间, 生气",
1,我承认,2021-06-09 00:28:40,承认,
1,没有把你放在第一位,2021-06-09 00:29:02,"放在, 第一位",
1,那是因为你是弹性的，而任务是硬性的,2021-06-09 00:29:25,"是因为, 弹性, 任务, 硬性",
1,我觉得你会理解我的,2021-06-09 00:29:49,理解,
0,任务是硬性的 但任务提交时间是弹性的,2021-06-09 00:30:29,"任务, 硬性, 任务, 提交, 时间, 弹性",
1,任务的ddl是硬性的啊,2021-06-09 00:30:48,"任务, ddl, 硬性",
0,但是距离ddl还有足够多的时间,2021-06-09 00:31:10,"距离, ddl, 足够, 时间",
1,如果我只有三天光明了,2021-06-09 00:33:19,"三天, 光明",
1,我一定不会想着把有机合成论文写完的,2021-06-09 00:33:20,"一定, 想着, 有机合成, 论文",
1,一定不会想着把课模做完的,2021-06-09 00:33:32,"一定, 想着, 课模",
0,这次我可以理解你 下次我也可以 那如果一直这样呢 在你的认知观里 我是弹性的只会随着我的理解越来越根深蒂固 而我也不会一直都不在意 这样就是积攒矛盾 也许一辈子还没有到来 我们便已然离去有时候就是太多的还早呢时间还多呢 换来了来不及,2021-06-09 00:34:30,"理解, 认知, 观里, 弹性, 只会, 理解, 越来越, 根深蒂固, 不在意, 积攒, 矛盾, 也许, 一辈子, 到来, 便, 已然, 离去, 有时候, 太多, 早, 时间, 换来, 来不及",
1,先这样吧[Facepalm]我困了,2021-06-09 00:35:49,我困,[捂脸]
0,你怕的同时你还是没有选择我,2021-06-09 00:35:55,"怕, 选择",
0,感情不是一个人的事,2021-06-09 00:36:25,感情,
1,我今天是没有选择你,2021-06-09 00:37:05,选择,
1,但不代表我在别的情境下也不会选择你,2021-06-09 00:37:19,"代表, 情境, 选择",
0,再说吧[Facepalm],2021-06-09 00:37:51,,[捂脸]
0,[Sleep] ,2021-06-09 00:37:55,,[睡]
0,晚安,2021-06-09 00:37:58,晚安,
1,晚安,2021-06-09 00:38:01,晚安,
1,早,2021-06-09 08:01:18,早,
0,早,2021-06-09 08:01:30,早,
1,今天早晨7:40才起,2021-06-09 08:01:49,早晨,
1,[Facepalm],2021-06-09 08:01:51,,[捂脸]
0,这你都来得及,2021-06-09 08:02:19,来得及,
0,吃早饭了吗,2021-06-09 08:02:24,"吃, 早饭",
1,带到教室了,2021-06-09 08:02:31,"带到, 教室",
0,我7点10分起的,2021-06-09 08:02:33,分起,
0,[Facepalm],2021-06-09 08:02:36,,[捂脸]
1,7:50到食堂 8:00踩着铃声进了教室,2021-06-09 08:02:55,"食堂, 踩, 铃声, 进, 教室",
0,[Hammer],2021-06-09 08:03:23,,[敲打]
0,在606那个路口,2021-06-09 08:03:41,路口,
1,我心里面只想着快点到教室,2021-06-09 08:03:47,"我心, 想着, 快点, 教室",
1,[Facepalm],2021-06-09 08:03:49,,[捂脸]
0,你从我左边穿过,2021-06-09 08:03:50,"左边, 穿过",
0,我还看到你骑车骑到了很远的地方,2021-06-09 08:04:48,"骑车, 骑到, 远",
0,后来就消失了,2021-06-09 08:04:53,消失,
0,我还往那边找了你好久 都没看到,2021-06-09 08:05:18,"找, 好久",
1,我骑到605南边的入口了,2021-06-09 08:05:20,"骑, 南边, 入口",
1,北边的在装修,2021-06-09 08:05:36,"北边, 装修",
0,嗯嗯上课吧,2021-06-09 08:05:58,上课,
1,这个怎么命名啊,2021-06-09 21:23:07,命名,
0,4-甲酸甲酯基苯甲酸,2021-06-09 21:32:12,"甲酸, 甲酯, 基, 苯甲酸",
1,那个是叫甲酸甲酯基啊,2021-06-09 21:33:07,"甲酸, 甲酯, 基",
1,我感觉是叫甲氧羰基,2021-06-09 21:34:51,"氧, 羰基",
0,好吧 不太清楚,2021-06-09 21:37:10,"不太, 清楚",
1,不过我刚刚找到了一个更简洁的名字,2021-06-09 21:37:31,"找到, 简洁, 名字",
1,对苯二甲酸单甲酯,2021-06-09 21:37:38,"对苯二甲, 酸单, 甲酯",
0,[Strong][Strong],2021-06-09 21:37:52,,"[强壮], [强壮]"
0,直接软件命名好了,2021-06-09 21:38:05,"软件, 命名",
1,那个能生成中文名吗,2021-06-09 21:40:29,"生成, 中文名",
0,你再翻译一下不就行了,2021-06-09 21:40:52,"翻译, 就行了",
1,[强],2021-06-09 21:41:01,,[强]
0,要求多少啊,2021-06-09 21:41:43,要求,
0,这不快了,2021-06-09 21:42:01,不快,
1,我从五点就开始写了。。。,2021-06-09 21:42:04,五点,
1,不是 是从昨晚就开始写了,2021-06-09 21:42:10,昨晚,
0,那种本来就不好写,2021-06-09 21:42:59,不好,
1,我写的是对苯二甲酸的合成,2021-06-09 22:25:33,"对苯二甲, 酸, 合成",
1,[破涕为笑],2021-06-09 22:25:37,,[破涕为笑]
1,没想到吧 这么简单的化合物,2021-06-09 22:25:48,"没想到, 简单, 化合物",
0,[Facepalm][Facepalm],2021-06-09 22:28:09,,"[捂脸], [捂脸]"
1,终于写完了,2021-06-09 23:23:46,终于,
1,一把辛酸泪,2021-06-09 23:23:53,"一把, 辛酸泪",
0,[Hug],2021-06-09 23:52:49,,[拥抱]
1,伍鹏估计要快到考核期满了[Facepalm],2021-06-10 00:14:25,"伍鹏, 估计, 快, 考核, 期满",[捂脸]
1,来了有好几年了吧,2021-06-10 00:14:31,好几年,
0,他现在已经带研究生了,2021-06-10 00:23:57,"带, 研究生",
0,不知道是不是副教授,2021-06-10 00:24:05,"是不是, 副教授",
0,我这两天也挺关注这个事的[Hurt],2021-06-10 00:25:08,关注,[苦涩]
0,感觉现在真的到处都是996和压榨剥削,2021-06-10 00:25:26,"真的, 到处, 压榨, 剥削",
0,还有残酷的竞争和淘汰制度,2021-06-10 00:25:46,"残酷, 竞争, 淘汰, 制度",
1,他自己是带不了研究生的吧,2021-06-10 00:25:52,"带, 不了, 研究生",
1,那都是陈晓东给他的,2021-06-10 00:26:00,陈晓东,
0,可是齐子君说那个师姐就是伍鹏名下的,2021-06-10 00:26:16,"齐子, 君, 师姐, 伍鹏, 名下",
1, 陈晓东自己开公司，忙不过来,2021-06-10 00:26:24,"陈晓东, 公司, 忙不过来",
0,和陈晓东没有关系,2021-06-10 00:26:26,"陈晓东, 关系",
1,夏雪伟当了几十年讲师,2021-06-10 00:27:21,"夏雪伟, 几十年, 讲师",
0,每年只有一个人,2021-06-10 00:27:23,每年,
1,怎么做到的,2021-06-10 00:27:29,做到,
0,年代不同,2021-06-10 00:28:15,"年代, 不同",
0,陈再新退休了还是副教授呢,2021-06-10 00:28:29,"陈再, 退休, 副教授",
0,[Facepalm],2021-06-10 00:28:34,,[捂脸]
0,他的学生都当上副校长了,2021-06-10 00:28:59,"学生, 当上, 副校长",
1,以前那确实,2021-06-10 00:29:50,确实,
1,王文丰几十年老教师了,2021-06-10 00:29:58,"王, 文丰, 几十年, 教师",
1,也是副教授,2021-06-10 00:30:02,副教授,
0,无意于发文章而已,2021-06-10 00:30:24,"无意, 于发, 文章",
0,王文丰重心公司,2021-06-10 00:30:46,"王, 文丰, 重心, 公司",
0,陈再新重心教本科生 ,2021-06-10 00:31:17,"陈再, 重心, 教, 本科生",
0,倒不如说生活,2021-06-10 00:31:25,"倒不如说, 生活",
0,活得通透,2021-06-10 00:31:47,"活, 通透",
0,他之前也讲过他副教授的事,2021-06-10 00:32:04,副教授,
0,感觉就是与他的人生态度有关,2021-06-10 00:32:25,人生态度,
1,没有那种欲望,2021-06-10 00:32:52,欲望,
0,睡吧,2021-06-10 00:33:39,睡,
0,晚安,2021-06-10 00:33:42,晚安,
1,晚安,2021-06-10 00:33:51,晚安,
1,早,2021-06-10 08:07:05,早,
0,早,2021-06-10 08:13:13,早,
1,我发现我的作息还算正常,2021-06-10 08:19:46,"发现, 作息, 正常",
1,肖杰六点就起床了，屠迎锋十二点四十还不睡[Facepalm],2021-06-10 08:20:42,"肖杰, 六点, 起床, 屠迎锋, 十二点, 四十, 睡",[捂脸]
0,[Facepalm],2021-06-10 08:20:53,,[捂脸]
0,肖杰厉害,2021-06-10 08:20:58,"肖杰, 厉害",
0,6点我是真起不来,2021-06-10 08:21:08,起不来,
1,他身体不好,2021-06-10 08:21:11,"身体, 不好",
1,体虚畏寒,2021-06-10 08:21:21,"体虚, 畏寒",
0,早起还跟身体有关系啊？,2021-06-10 08:21:48,"早起, 身体, 关系",
0,上课了,2021-06-10 08:22:00,上课,
0,厉害了,2021-06-10 18:57:48,厉害,
0,[Sob][Sob][Sob],2021-06-10 18:57:53,,"[流泪], [流泪], [流泪]"
0,[Hurt],2021-06-10 18:59:05,,[苦涩]
0,就是还差一节多学完高数部分,2021-06-10 18:59:29,"差, 一节, 多学, 完高数",
0,不，基础30讲 →强化18讲,2021-06-10 18:59:52,"基础, 强化",
0,好快啊他,2021-06-10 19:01:11,快,
1,我还以为李泽洋是嘲讽呢,2021-06-10 19:01:36,"李泽洋, 嘲讽",
0,强化一般暑假看的,2021-06-10 19:02:23,"强化, 暑假",
0,但是有人进度比较快,2021-06-10 19:02:53,"进度, 比较, 快",
1,不要被别人带节奏就好了,2021-06-10 19:02:53,"不要, 别人, 带, 节奏",
0,害,2021-06-10 19:03:20,害,
0,我端午好好学习了,2021-06-10 19:03:27,"端午, 好好学习",
0,争取把高数学完,2021-06-10 19:03:35,"争取, 数学",
0,不过还是可以出去玩一个下午的,2021-06-10 19:10:37,出去玩,
0,[Facepalm],2021-06-10 19:10:39,,[捂脸]
1,看情况吧,2021-06-10 19:11:13,情况,
1,这端午节假放了对我来说等于没放,2021-06-10 19:12:17,"端午节, 假放, 来说, 等于",
1,[心碎],2021-06-10 19:12:22,,[心碎]
0,为啥,2021-06-10 19:12:30,为啥,
0,你都能放4天,2021-06-10 19:12:38,天,
1,因为我本来就没课,2021-06-10 19:12:38,没课,
1,本来就是放4天,2021-06-10 19:12:44,天,
0,[Facepalm],2021-06-10 19:12:48,,[捂脸]
0,哈哈哈哈哈是,2021-06-10 19:12:56,哈哈哈,
1,他要是排在星期三四五,2021-06-10 19:12:58,"排, 星期三, 四五",
1,多好,2021-06-10 19:13:01,多好,
0,放周五该多好,2021-06-10 19:13:06,周五,
0,[Smirk]想滴美,2021-06-10 19:13:17,"想滴, 美",[奸笑]
1,我们去吃锅贴吧,2021-06-10 19:14:38,"吃, 锅贴",
1,[奸笑],2021-06-10 19:14:43,,[奸笑]
0,学习吧宝,2021-06-10 19:14:44,"学习, 宝",
1,那我们听歌吧,2021-06-10 19:15:28,听歌,
0,学到下午3点然后去,2021-06-10 19:15:35,学到,
0,再找一找五人墓碑记,2021-06-10 19:15:54,"找, 找, 五人, 墓碑, 记",
1,哈哈哈哈,2021-06-10 19:16:01,哈哈哈哈,
0,我要看视频[Facepalm],2021-06-10 19:16:08,视频,[捂脸]
0,圆了开学的想法,2021-06-10 19:16:16,"圆, 开学, 想法",
0,那晚点吧,2021-06-11 15:42:38,晚点,
0,午饭也吃的好晚[Hurt],2021-06-11 15:42:51,"午饭, 吃, 晚",[苦涩]
1,五点吧,2021-06-11 15:49:14,五点,
0,我想看一下夏令营那个,2021-06-11 15:54:06,夏令营,
0,清不清楚,2021-06-11 15:54:10,"清, 清楚",
1,其实,2021-06-11 15:56:00,其实,
0,我在那里打的也不清楚,2021-06-11 15:56:25,清楚,
1,其实可以看清,2021-06-11 15:56:32,"其实, 看清",
1,但是有的笔画比较淡,2021-06-11 15:56:44,"笔画, 比较, 淡",
0,然后扫出来的扫描件更不清楚,2021-06-11 15:56:45,"扫出来, 扫描, 件, 清楚",
0,[Facepalm],2021-06-11 15:56:53,,[捂脸]
0,先带给我吧,2021-06-11 15:58:31,带给,
1,突然发现今年我们生日只隔了两天,2021-06-11 16:13:41,"突然, 发现, 生日, 隔",
1,要不一起过了吧,2021-06-11 16:14:36,一起,
0,吃饭说吧,2021-06-11 16:15:32,吃,
0,[Facepalm]你这么早,2021-06-11 16:53:31,早,[捂脸]
1,不仅爱你伟岸的身躯，也爱你坚持的位置，足下的土地,2021-06-11 19:27:58,"爱, 伟岸, 身躯, 爱, 坚持, 足下, 土地",
1,不仅爱你的身体， 也爱你的立场你的思想,2021-06-11 19:29:20,"爱, 身体, 爱, 立场, 思想",
0,[Pig],2021-06-11 19:29:43,,[猪头]
1,你的过去无法参与,2021-06-11 19:29:57,"过去, 无法, 参与",
1,你的未来奉陪到底,2021-06-11 19:30:05,"未来, 奉陪到底",
0,我也是[Heart]无论怎样都要一直一直在一起,2021-06-11 19:30:41,"无论怎样, 一起",[爱心]
1,[玫瑰],2021-06-11 19:31:02,,[玫瑰]
0,我想我会一直爱着你,2021-06-11 19:31:13,"我会, 爱着",
0,听歌吗,2021-06-11 19:32:14,听歌,
1,邀我,2021-06-11 19:34:59,邀,
0,不听了[Facepalm]耳朵疼,2021-06-11 21:31:27,"听, 耳朵, 疼",[捂脸]
1,你是不是视频看多了,2021-06-11 21:31:55,"是不是, 视频, 看多",
0,大概2小时,2021-06-11 21:32:25,大概,
1,我也不听了,2021-06-11 21:32:59,听,
1,有没有感觉这张还挺帅的,2021-06-11 21:39:17,"有没有, 这张, 挺帅",
0,哈哈哈哈,2021-06-11 21:39:39,哈哈哈哈,
0,感觉看样子 他好高冷啊,2021-06-11 21:39:52,"看样子, 冷",
1,冷傲,2021-06-11 21:40:50,冷傲,
1,我们的群头像,2021-06-11 21:41:21,"群, 头像",
1,[Smirk],2021-06-11 21:41:23,,[奸笑]
0,可以可以[Lol][Lol][Lol],2021-06-11 21:46:09,,"[破涕为笑], [破涕为笑], [破涕为笑]"
1,看到你舅了,2021-06-11 21:51:58,舅,
1,好厉害啊,2021-06-11 21:52:12,厉害,
0,给我个网址,2021-06-11 21:52:13,网址,
1,http://web.suda.edu.cn/szz/,2021-06-11 21:52:22,"web, suda, szz",
1,还看到他招博士后,2021-06-11 21:53:17,"他招, 博士后",
0,厉害厉害,2021-06-11 21:55:08,"厉害, 厉害",
0,那他应该不受那个制度影响吧,2021-06-11 22:03:26,"受, 制度, 影响",
1,不过特聘教授是有聘期的,2021-06-11 22:04:26,"特聘, 教授, 聘期",
0,那到了怎么办啊？,2021-06-11 22:07:14,那到,
1,你问你舅吧,2021-06-11 22:07:23,舅,
0,不太好问,2021-06-11 22:07:42,不太好,
0,不过我觉得大概率没事。,2021-06-11 22:07:51,"概率, 没事",
0,他老婆更厉害。,2021-06-11 22:08:31,"老婆, 厉害",
0,注会,2021-06-11 22:08:41,注,
1,这能有他厉害吗,2021-06-11 22:09:54,"这能, 厉害",
0,[Facepalm],2021-06-11 22:10:00,,[捂脸]
0,在美国收入比他还高,2021-06-11 22:10:18,"美国, 收入",
1,[捂脸],2021-06-11 22:10:28,,[捂脸]
1,感觉现在注会不是烂大街了,2021-06-11 22:11:05,"注, 烂, 大街",
1,我学经济的同学都想考,2021-06-11 22:11:43,"我学, 经济, 同学, 考",
0,很难考的,2021-06-11 22:11:52,难考,
1,俺不懂,2021-06-11 22:12:18,懂,
0,那他们考到了吗,2021-06-11 22:13:08,考到,
1,刚上大学那会跟我说的,2021-06-11 22:13:26,"刚上, 大学, 那会",
0,主要是能力挺强的,2021-06-11 22:17:42,"能力, 挺强",
0,[Facepalm],2021-06-11 22:17:44,,[捂脸]
0,一起吃饭吗,2021-06-12 12:03:01,"一起, 吃",
0,不想看[Sob][Sob],2021-06-12 12:54:49,不想,"[流泪], [流泪]"
1,没事,2021-06-12 13:04:20,没事,
1,这是四级答案,2021-06-12 13:04:25,"四级, 答案",
1,现在能查考试时间安排了吗,2021-06-12 13:04:38,"能查, 考试, 时间, 安排",
0,你自己申请缓考,2021-06-12 13:09:58,"申请, 缓考",
0,你去问问叶薇,2021-06-12 13:10:28,丁叶薇,
1,这个实验比赛还好,2021-06-12 13:23:31,"实验, 比赛, 还好",
1,是上机实验,2021-06-12 13:23:37,"上机, 实验",
1,[破涕为笑],2021-06-12 13:23:42,,[破涕为笑]
0,每次都白给,2021-06-12 17:34:26,"每次, 白",
0,这次可能都过不了,2021-06-12 17:34:38,不了,
0,[Emm][Emm][Emm],2021-06-12 17:34:45,,"[Emm], [Emm], [Emm]"
1,今天刷了一套六级真题,2021-06-12 17:35:31,"刷, 一套, 六级, 真题",
1,手感不太好,2021-06-12 17:35:35,"手感, 不太好",
0,我英语咋这么菜,2021-06-12 17:35:48,"英语, 菜",
0,每次都要感慨一下,2021-06-12 17:35:58,"每次, 感慨",
1,[Hug],2021-06-12 17:36:27,,[拥抱]
0,你还做六级了啊？,2021-06-12 17:36:31,六级,
0,[Facepalm][Facepalm][Facepalm],2021-06-12 17:37:10,,"[捂脸], [捂脸], [捂脸]"
0,枯了,2021-06-12 17:37:17,枯,
1,没事的,2021-06-12 17:37:52,没事,
1,目前考研是主要矛盾,2021-06-12 17:38:01,"目前, 考研, 主要矛盾",
0,我一定好好努力学考研英语[Sob][Sob],2021-06-12 17:46:29,"一定, 好好, 努力, 学, 考研, 英语","[流泪], [流泪]"
0,我们什么时候出去玩啊,2021-06-12 19:14:43,出去玩,
0,我们过去大概要1个小时,2021-06-12 19:17:35,"过去, 大概",
1,两点吧,2021-06-12 19:19:57,两点,
0,这么早呀,2021-06-12 19:20:06,早,
0,心情复杂,2021-06-12 21:28:45,"心情, 复杂",
1,电影？,2021-06-12 21:29:11,电影,
0,难看,2021-06-12 21:32:31,难看,
1,[捂脸],2021-06-12 21:32:59,,[捂脸]
1,烂片吗,2021-06-12 21:33:42,烂片,
0,也不能说是烂片，反正不好看,2021-06-12 21:40:55,"不能, 烂片, 反正, 好看",
1,[捂脸],2021-06-12 21:41:21,,[捂脸]
1,地球最后的夜晚,2021-06-12 21:41:30,"地球, 最后, 夜晚",
0,差不多,2021-06-12 21:41:37,差不多,
0,不是纯粹的商业片,2021-06-12 21:43:40,"纯粹, 商业片",
0,但故事上很平淡 表达也不太好,2021-06-12 21:44:11,"故事, 平淡, 表达, 不太好",
1,你觉得去哪里吃比较好啊,2021-06-12 21:48:32,"吃, 比较",
0,我们请吃饭吗,2021-06-12 21:48:55,"请, 吃",
1,当然了,2021-06-12 21:49:13,当然,
0,七里敦煌,2021-06-12 21:49:28,"七里, 敦煌",
1,都不开了,2021-06-12 21:51:57,不开,
0,是独墅湖影剧院那儿,2021-06-12 21:53:59,"独墅, 湖, 影剧院",
1,这么近啊,2021-06-12 21:54:20,近,
1,你去吃过吗,2021-06-12 21:54:26,吃,
0,去过,2021-06-12 21:55:35,去过,
1,你将详细一点啊,2021-06-12 21:56:06,详细,
0,等我上个床,2021-06-12 21:56:18,床,
0,[Facepalm][Facepalm][Facepalm],2021-06-12 21:58:01,,"[捂脸], [捂脸], [捂脸]"
0,怎么找不到啊,2021-06-12 21:58:11,"找, 不到",
0,我大一去吃的,2021-06-12 21:58:21,"我大, 一去, 吃",
1,你大一吃的,2021-06-12 21:59:35,吃,
1,现在估计都没了,2021-06-12 21:59:40,估计,
1,都两年了[Emm],2021-06-12 21:59:53,两年,[Emm]
0,不好意思,2021-06-12 22:00:50,不好意思,
0,你问问你舍友门,2021-06-12 22:04:08,"舍友, 门",
1,新梅华,2021-06-12 22:05:14,新梅华,
0,好吃吗,2021-06-12 22:12:57,好吃,
1,算了、,2021-06-12 22:15:08,算了,
1,我吃腻了,2021-06-12 22:15:11,吃腻,
1,[捂脸],2021-06-12 22:15:16,,[捂脸]
0,你们去过多少次了,2021-06-12 22:15:26,去过,
1,苏帮菜吃腻了,2021-06-12 22:15:48,"苏帮菜, 吃腻",
1,再也不想吃松鼠桂鱼了,2021-06-12 22:16:35,"再也, 不想, 吃, 松鼠, 桂鱼",
1,[捂脸],2021-06-12 22:16:49,,[捂脸]
1,我们八个人坐一个大桌子吗,2021-06-12 22:17:52,"八个, 桌子",
0,那分开坐啊？,2021-06-12 22:21:15,分开,
0,分开坐一起吃还有什么意义,2021-06-12 22:21:55,"分开, 一起, 吃, 意义",
1,一起坐方便你给何明羽介绍对象,2021-06-12 22:22:35,"一起, 方便, 何明羽, 介绍, 对象",
1,[奸笑],2021-06-12 22:22:42,,[奸笑]
1,那就一起坐吧,2021-06-12 22:24:03,一起,
0,你原先想的不一起坐？,2021-06-12 22:24:43,"原先, 一起",
1,一起坐啊,2021-06-12 22:24:54,一起,
1,然后跟你确认一下,2021-06-12 22:25:18,确认,
0,你决定吧,2021-06-12 22:27:01,决定,
0,我没看到合适的,2021-06-12 22:27:07,合适,
0,不要太远就行,2021-06-12 22:27:17,"不要, 太远",
1,本部,2021-06-12 22:41:21,本部,
1,[Facepalm],2021-06-12 22:41:24,,[捂脸]
1,算远吗,2021-06-12 22:41:38,算远,
0,太远了,2021-06-12 22:41:48,太远,
1,我也没找着合适的,2021-06-12 22:48:12,"找, 合适",
1,让你舍友看看吧,2021-06-12 22:48:50,"舍友, 看看",
1,看那些差评,2021-06-12 22:49:38,差评,
1,感觉没一个能吃的,2021-06-12 22:49:44,吃,
0,[Emm],2021-06-12 22:50:44,,[Emm]
1,我已经被n个师兄/师姐说过爱学习了[捂脸],2021-06-12 22:57:14,"师兄, 师姐, 爱, 学习",[捂脸]
0,哈哈哈哈哈,2021-06-12 22:58:40,哈哈哈,
0,嘤嘤嘤,2021-06-12 22:59:34,"嘤, 嘤, 嘤",
1,我觉得我们下次不管怎么说,2021-06-12 23:00:18,不管怎么,
1,一定要早点去,2021-06-12 23:00:24,"一定, 早点",
0,什么早点去,2021-06-12 23:02:24,早点,
1,我们人多,2021-06-12 23:02:30,人多,
1,晚了就没大桌子了,2021-06-12 23:02:37,"晚, 没大, 桌子",
0,要提前订吧,2021-06-12 23:02:46,"提前, 订",
1,而且是星期六 会等很久的,2021-06-12 23:02:47,星期六,
1,有的不能订,2021-06-12 23:02:57,"不能, 订",
1,我刚刚看了一些评论。。。,2021-06-12 23:03:09,评论,
0,不去不就好了,2021-06-12 23:06:22,不去,
0,你为啥饶过我说的,2021-06-12 23:06:32,"为啥, 饶过",
1,跟你在这说正事呢,2021-06-12 23:06:48,正事,
1,你说那个[捂脸],2021-06-12 23:06:54,,[捂脸]
0,明天见面我们公交车上讲吧,2021-06-12 23:07:09,"见面, 公交车",
0,[Facepalm],2021-06-12 23:07:12,,[捂脸]
0,我为啥这么想啊,2021-06-12 23:07:25,为啥,
0,我压力太大了吗,2021-06-12 23:07:30,"压力, 太大",
0,查题也有hs广告,2021-06-13 09:54:59,"查题, hs, 广告",
1,[旺柴],2021-06-13 09:55:26,,[旺柴]
1,我都没注意到。。。,2021-06-13 09:55:36,注意,
0,[Slight],2021-06-13 09:55:48,,[白眼]
0,我们出去你帮我也拿个口罩,2021-06-13 10:11:19,"出去, 帮, 口罩",
1,十一点半,2021-06-13 11:06:05,十一点半,
1,一个上午就改了一页PPT,2021-06-13 11:23:58,"改, 一页, PPT",
1,[叹气],2021-06-13 11:24:04,,[叹气]
0,[Facepalm],2021-06-13 11:24:14,,[捂脸]
0,你过去追求完美了,2021-06-13 11:24:25,"过去, 追求, 完美",
0,下雨吗外面,2021-06-13 11:26:19,下雨,
1,不下了,2021-06-13 11:28:15,不下,
1,我们坐地铁去吗,2021-06-13 13:35:27,坐地铁,
0,记得拿口罩,2021-06-13 13:39:11,"记得, 口罩",
1,那我们去松涛街吧,2021-06-13 13:40:11,"松涛, 街",
1,我回宿舍换个衣服,2021-06-13 13:40:16,"回, 宿舍, 换个, 衣服",
1,[旺柴],2021-06-13 13:40:19,,[旺柴]
0,不用换了,2021-06-13 13:40:53,"不用, 换",
1,色诱结束了,2021-06-13 13:41:08,"色诱, 结束",
0,没事啊,2021-06-13 13:41:15,没事,
1,我冷,2021-06-13 13:43:43,冷,
0,[Facepalm]也不冷吧,2021-06-13 13:44:44,冷,[捂脸]
0,[Onlooker],2021-06-13 13:44:50,,[吃瓜]
0,你不是不冷吗,2021-06-13 13:44:55,不冷,
1,上午确实不冷,2021-06-13 13:45:58,"确实, 不冷",
1,空调没怎么开,2021-06-13 13:46:04,空调,
0,那我要走好远啊,2021-06-13 13:47:46,远,
1,跟走到月亮湾距离差不多吧,2021-06-13 13:48:06,"月亮, 湾, 距离, 差不多",
1,你走到二期东门就可以了,2021-06-13 13:48:12,"二期, 东门",
0,[Broken],2021-06-13 13:48:15,,[裂开]
0,我一个人走到而二期东门,2021-06-13 13:48:33,"二期, 东门",
0,[Scream],2021-06-13 13:48:35,,[抓狂]
1,也就过个马路吧[捂脸],2021-06-13 13:49:08,"过个, 马路",[捂脸]
0,至少要走20分钟,2021-06-13 13:49:22,分钟,
1,而且我还要背你书包,2021-06-13 13:51:18,"背, 书包",
0,背书包怎么了,2021-06-13 13:51:35,"背, 书包",
1,我这个衣服没袖子,2021-06-13 13:51:39,"衣服, 袖子",
1,磨的会疼[Facepalm],2021-06-13 13:51:55,"磨, 疼",[捂脸]
0,你逗我？,2021-06-13 13:52:06,逗我,
0,哪里会磨啊？,2021-06-13 13:52:19,会磨,
1,肩膀啊,2021-06-13 13:52:28,肩膀,
0,你的衣服没肩膀？,2021-06-13 13:52:42,"衣服, 肩膀",
1,没袖子啊,2021-06-13 13:52:54,袖子,
1,算了 不回去了,2021-06-13 14:05:23,"算了, 回去",
1,我们一期北门见吧,2021-06-13 14:05:47,"一期, 北门, 见",
0,你提前告诉我就行,2021-06-13 14:08:15,"提前, 告诉",
1,三点十分吧,2021-06-13 14:29:36,"三点, 十分",
1,我再学一会,2021-06-13 14:29:46,再学,
0,怎么又迟了,2021-06-13 14:29:48,迟,
0,[Sigh],2021-06-13 14:29:51,,[叹气]
1,你中午不是说三点十分吗,2021-06-13 14:30:02,"三点, 十分",
0,我提前学完了,2021-06-13 14:30:14,"提前, 学完",
1,那三点吧,2021-06-13 14:30:24,三点,
0,不行,2021-06-13 14:30:32,不行,
1,你再刷会题,2021-06-13 14:30:43,刷会题,
0,3点准时,2021-06-13 14:30:58,准时,
1,我们把伞带回来了吗,2021-06-13 14:49:58,"伞, 带, 回来",
0,你找到了吗,2021-06-13 14:55:15,找到,
0,我记得我们在那个长椅坐的时候还在,2021-06-13 14:56:57,"记得, 长椅",
1,找到了[Facepalm],2021-06-13 14:57:51,找到,[捂脸]
1,但我不能准时到了[MyBad],2021-06-13 14:58:45,"不能, 准时",[打脸]
0,骑个车,2021-06-13 15:00:04,"骑个, 车",
1,今早下雨,2021-06-13 15:00:42,"今早, 下雨",
1,没骑,2021-06-13 15:00:47,没骑,
1,七食堂旁边的,2021-06-13 23:51:20,"食堂, 旁边",
1,端午安康^ω^,2021-06-14 00:15:28,"端午, 安康",
0,终于上床啦,2021-06-14 00:17:59,"终于, 上床",
0,端午快乐,2021-06-14 00:19:19,"端午, 快乐",
0,明天带粽子给你吃,2021-06-14 00:19:26,"带, 粽子, 吃",
1,你哪里来的粽子啊,2021-06-14 07:59:32,粽子,
0,才起来,2021-06-14 09:42:41,起来,
0,[Facepalm],2021-06-14 09:42:45,,[捂脸]
0,李斌玉送的,2021-06-14 09:54:37,"李斌, 玉送",
1,李斌玉送你那么多东西啊,2021-06-14 09:54:50,"李斌, 玉送",
